58705.5,58742.7,58660,58660
58660,58794,58648.3,58730
58730,58740,58688.2,58728.9
58728.9,58770.4,58728,58732
58732,58770,58722.5,58722.5
58722.5,58747.8,58675.4,58675.4
58675.4,58675.4,58552.5,58582.9
58582.9,58637,58582.9,58611.8
58611.8,58611.8,58513.8,58513.8
58513.8,58605.8,58510,58596
58596,58639.3,58586,58639.3
58639.3,58662.4,58625.2,58652.1
58652.1,58664,58586,58586.9
58586.9,58615.1,58525.1,58588.7
58588.7,58639.4,58588.7,58614
58614,58654,58612.8,58640
58640,58740,58640,58696.4
58696.4,58742.1,58696.4,58722.6
58722.6,58748.2,58654,58736
58736,58806.9,58706.7,58782.6
58782.6,58782.6,58694,58702
58702,58702,58650,58654.9
58654.9,58654.9,58513.8,58530
58530,58598,58518.9,58596.6
58596.6,58612,58580,58600
58600,58630,58573.7,58618
58618,58621.9,58543.1,58555
58555,58622,58555,58608
58608,58627.6,58567.7,58568
58568,58650,58555,58626.4
58626.4,58626.4,58594,58610
58610,58660,58604,58627.4
58627.4,58644,58578.7,58644
58644,58653.8,58616,58616
58616,58638.5,58571.4,58638.5
58638.5,58638.5,58586,58586
58586,58612,58572,58612
58612,58650.1,58589.4,58650
58650,58664,58620,58636
58636,58658,58606,58624.7
58624.7,58726.1,58624.7,58726
58726,58750.7,58660,58661.9
58661.9,58718.9,58608,58646
58646,58685,58520,58520
58520,58552,58406,58440
58440,58440,58310,58394
58394,58575.7,58394,58505.3
58505.3,58505.3,58436,58436
58436,58484,58430,58484
58484,58518,58472,58494
58494,58618,58494,58548.1
58548.1,58586,58548,58576
58576,58584,58390,58390
58390,58390,58238.9,58293.5
58293.5,58298,57800.2,58169.8
58169.8,58347.4,58030.8,58291.5
58291.4,58399,58198,58225.5
58225.5,58400,58197.6,58352.9
58352.9,58569,58334.7,58462
58462,58933,58462,58764
58764,58998.4,58728,58900.4
58900.2,59022.8,58762.4,58794
58794,58831.5,58720,58831.5
58831.5,58889.9,58766.9,58770.6
58770.6,58834,58750,58775.3
58775.3,58775.3,58663.9,58704
58704,58865.8,58704,58798
58798,58889.2,58780,58840
58840,59031.6,58828,58924.7
58924.7,59004.1,58900,58947.9
58948,59066.4,58921.3,59000
59000,59086.9,58994,59044.9
59044.9,59159.2,58996.6,59140.1
59140.1,59171.6,59008,59080.4
59080.4,59120.7,59021.3,59120.7
59120.7,59129.9,59082.8,59085
59085,59090,59017.1,59025.7
59025.7,59119.7,59025.7,59056
59056,59056,58996,58999.2
58999.2,59003.2,58906,58919.8
58919.8,58933,58885.8,58888.7
58888.7,58954.3,58886.2,58924
58924,58933,58850,58906
58906,59148.4,58906,59006.6
59006.6,59023.6,58934.5,58939.2
58939.2,59048,58934,58990.6
58990.5,59314.5,58981.3,59280.7
59280.7,59318,59172,59197.1
59197.1,59197.1,59062,59106
59106,59146,59106,59146
59146,59159,59102.2,59113.3
59113.3,59204.3,59100,59198
59198,59258.1,59168,59210
59210,59274,59200,59274
59274,59292,59236,59242
59242,59300,59200,59266
59266,59373.5,59259.2,59359.9
59359.9,59457,59346.5,59391.3
59391.3,59400,59308,59349.7
59349.7,59350,59320.7,59340
59340,59340,59288,59310.4
59310.4,59376.5,59272.2,59272.2
59272.2,59296,59251.3,59292
59292,59357.3,59289.4,59332.2
59332.2,59332.2,59192.1,59240.9
59240.9,59298.3,59154,59174
59174,59198,59150,59198
59198,59204.4,59126.4,59172.8
59172.8,59200,59168,59188.4
59188.4,59203.3,59150,59150
59150,59187.5,59135.5,59144.6
59144.6,59156,59132.7,59154.3
59154.3,59156,59012,59012
59012,59049.3,58940.7,58953.6
58953.6,58984.7,58911.1,58952.1
58952.1,58974,58868,58868
58868,58880,58692,58776
58776,58810.5,58748.7,58791.2
58791.2,58834.8,58655,58655
58655,58726.2,58534.3,58637.3
58637.3,58700,58620,58700
58700,58700,58618,58685.5
58685.5,58775.4,58685.5,58736
58736,58772.7,58729.3,58755.8
58755.8,58788,58658.1,58682.8
58682.8,58693.7,58600,58666.5
58666.5,58687.8,58622.5,58681
58681,58730,58639.7,58668
58668,58808,58638,58808
58807.6,58823.9,58740,58740
58740,58743.6,58648.2,58743.6
58743.6,58754,58678.1,58712
58712,58742.7,58689.7,58689.7
58689.7,58774.8,58670,58768
58768,58804.7,58728.6,58728.6
58728.6,58775.1,58723.2,58768.7
58768.6,58779.8,58663.3,58747.8
58747.8,58814,58732,58732
58732,58748.5,58697.5,58700.1
58700.1,58723.4,58692,58700.6
58700.6,58700.6,58600,58600
58600,58680,58600,58620
58620,58656,58500,58592
58592,58654.8,58550.9,58618
58618,58742,58610,58739.4
58739.4,58744.1,58678.7,58698.7
58698.7,58814,58698.7,58807
58807,58984,58802,58974
58974,58992,58896.8,58946
58946,59092,58944,59011
59011,59018,58950,58956
58956,59005.1,58950,58969.4
58969.4,58973.6,58905.2,58933
58933,58933,58877.1,58888
58888,58945,58886,58920
58920,58920,58859.9,58868
58868,58890,58825.6,58883.8
58883.8,58962.6,58850,58906
58906,58954,58871.1,58954
58954,58973.8,58942,58944.6
58944.6,58948.5,58878,58914
58914,58914,58853.1,58874
58874,58874,58754,58757.4
58757.4,58776.8,58700,58776.8
58776.8,58798,58752.8,58752.9
58752.9,58754,58665.3,58745.2
58745.2,58756,58704,58723.4
58723.4,58730,58690.5,58708
58708,58722.5,58624,58624
58624,58684.2,58624,58675.6
58675.6,58699,58650.6,58655.8
58655.8,58680,58629,58660
58660,58676,58588,58658
58658,58704,58640,58657.8
58657.8,58742.9,58632.8,58706
58706,58755.9,58676,58706
58706,58712,58680,58712
58712,58744,58693.8,58698.2
58698.2,58736,58634.2,58655.9
58655.9,58731.8,58651.2,58666
58666,58678,58628,58678
58678,58700,58641.5,58651.2
58651.2,58654,58586.2,58592.9
58592.9,58626.6,58550,58622
58622,58676,58536.4,58536.4
58536.4,58554,58454,58541.4
58541.4,58608,58393.5,58443.6
58443.6,58558,58443.6,58539.8
58539.8,58546.9,58468.7,58546.9
58546.9,58592,58512.3,58560
58560,58589.9,58420,58439
58439,58468,58409.8,58412.5
58412.5,58452,58377,58398
58398,58409.6,58326,58355.3
58355.3,58445.8,58341.4,58430
58430,58570,58430,58538
58538,58790,58536,58630
58630,58694,58614.1,58632
58632,58708.7,58622.1,58673.3
58673.3,58765.3,58662.2,58669.1
58669.2,58904,58669.2,58844
58844,58851.8,58756,58820
58820,58880.5,58602,58816
58816,58963.1,58716,58856.4
58856.4,59075.6,58820.7,59020
59020,59410,58944.3,59332
59332,59497.2,59278,59414.6
59414.6,59508,59304,59498
59498,59500.1,59278,59353.5
59353.5,59500,59284,59500
59500,59987.8,59500,59978
59978,60082.5,59876,60028
60028,60092,59885.5,59918
59918,59962.8,59775.8,59778
59778,59813.6,59540,59658
59658,59740,59548,59730
59730,59758.2,59597.1,59604
59604,59692,59420,59616.4
59616.4,59762,59588,59664
59664,59668.5,59518,59542
59542,59764.7,59520.5,59764.7
59764.7,59986,59726,59808
59808,59970,59796,59916.5
59916.6,59944,59844,59894.7
59894.7,60536.6,59880.3,60412.9
60412.9,60468,60280,60310.8
60310.8,60380,60216.3,60247.5
60247.5,60281.6,60136.2,60171.2
60171.2,60250,60168,60224.9
60224.9,60246,60130.8,60130.8
60130.8,60154,60076.6,60106
60106,60186,60099,60147.2
60147.2,60180,60073,60135.3
60135.3,60225.1,60110,60150
60150,60157.9,60122,60132
60132,60160,60080,60118
60118,60118,59950,60000
60000,60267.2,59990.2,60144
60144,60172,60084,60090
60090,60090,60026.6,60029.2
60029.2,60082,60024.9,60082
60082,60090,59982.2,59985.3
59985.3,60018,59902.5,59915.1
59915.1,59926,59865.8,59920
59920,59937.1,59788.6,59820
59820,59872.8,59787.3,59870.9
59870.9,59908.8,59824,59902
59902,60046,59900.4,60028
60028,60159.2,60010,60155.8
60155.8,60205.7,60134.5,60148.3
60148.3,60184,60088,60146
60146,60239.8,60124.3,60190.6
60190.6,60224,60152,60156.8
60156.8,60206,60152,60177
60177,60238.5,60152,60195
60195,60221.1,60172,60190.6
60190.6,60214,60150.9,60214
60214,60214,60074,60100
60100,60115,60016.4,60078
60078,60189.7,60048,60189.7
60189.7,60189.7,60106,60138
60138,60151.3,60124,60140
60140,60188.6,60082,60186
60186,60248.3,60186,60235.2
60235.2,60235.2,60188,60222
60222,60246,60144,60238
60238,60298,60082,60114.3
60114.4,60174,60114.4,60171.2
60171.2,60300,60163.1,60250
60250,60288,60226,60278
60278,60285.7,60244.6,60280
60280,60352.9,60250,60274
60274,60274,60216.3,60264
60264,60264,60101.2,60155.4
60155.4,60276,60155.4,60267.4
60267.4,60267.4,60200.5,60208
60208,60214,60151.8,60208.6
60208.6,60208.6,60119.7,60134
60134,60190.6,60100,60142
60142,60142,60000,60028.7
60029.4,60060,59920.6,59920.7
59920.7,60032,59909.9,59952
59952,60024,59928,59997.8
59997.8,60025.6,59876,59891.1
59891,59986,59888,59978
59978,60000,59962.3,59974
59974,60062,59960,60019.4
60019.4,60028,59966.1,60028
60028,60070,60016,60043.4
60043.4,60198,60029.8,60172
60172,60172,60116,60123.7
60123.7,60134,60117,60126
60126,60186,60124.9,60186
60186,60294.9,60186,60251.1
60251.1,60462.1,60244,60447.2
60447.2,60514.1,60332.3,60513.7
60513.7,60529.8,60391.1,60405.4
60405.4,60600,60372.2,60528
60528,60720,60528,60707.6
60707.6,60846.9,60684,60726
